"cluster","rogue"
"0",0.80407284371649
"1",0.752813084377552
"2",0.769756842038612
"3",0.838811568725969
"4",0.742755021828897
"5",0.760407456467512
"6",0.734160147944253
"7",0.888914774021062
