{
  "load": 0.2563819885253906,
  "baseline_leiden": 20.018911361694336,
  "recall": 193.89498353004456,
  "scshc": 106.90494346618652,
  "rogue_and_markers": 1.7874503135681152
}